seqIndex,prediction,distToMargin,P(-1),P(+1)
33,1,0.5585011440315074,0.13357201667378932,0.8664279833262106
97,1,0.4196251979801411,0.19597573646618235,0.8040242635338174
32,1,0.39458516438251384,0.2093052312505839,0.7906947687494159
40,1,0.36914429345408567,0.2235132944747041,0.7764867055252958
98,1,0.3347290382726644,0.24379686664156594,0.7562031333584343
96,1,0.2767876589848188,0.28065287012666457,0.7193471298733355
34,1,0.24378487443720992,0.3030977407817285,0.6969022592182718
160,1,0.22539390282876515,0.3160351175943387,0.6839648824056613
161,1,0.13368757712120408,0.3829869905927397,0.6170130094072602
105,1,0.12826322450799274,0.38744129915145864,0.6125587008485412
104,1,0.08875332445313677,0.4197591167282165,0.5802408832717836
294,1,0.08691589555233714,0.4212593975365298,0.5787406024634703
31,1,0.08517466577524631,0.4226811062768871,0.5773188937231127
222,1,0.04778280171234506,0.45323958558709987,0.5467604144129001
100,1,0.04435325465755802,0.4560476610479277,0.5439523389520724
223,1,0.040545440533764826,0.45916683860091767,0.5408331613990823
39,1,0.02203706478620432,0.4743490995958936,0.5256509004041064
35,1,0.016818861220076566,0.47863556028159643,0.5213644397184036
225,1,0.005446597700702651,0.48798471777366675,0.5120152822263332
163,1,0.003744194810762885,0.4893849827834491,0.5106150172165509
159,1,0.0032356723809249064,0.48980328280458013,0.5101967171954199
229,-1,-0.004369881129198458,0.5,0.5
162,-1,-0.00731523445847738,0.5,0.5
289,-1,-0.013489762265503075,0.5,0.5
99,-1,-0.022609456108720907,0.5110681260241444,0.4889318739758554
168,-1,-0.042941439364473866,0.5277682675705214,0.47223173242947847
164,-1,-0.04666157525072309,0.5308168100610928,0.4691831899389073
60,-1,-0.048123980239593106,0.5320143938973086,0.4679856061026914
290,-1,-0.05134713965563964,0.5346521130122388,0.4653478869877613
166,-1,-0.058185434753453676,0.5402393147305703,0.4597606852694298
287,-1,-0.07718561547072633,0.5556814465090438,0.4443185534909562
36,-1,-0.07788445797371327,0.5562466668093046,0.4437533331906955
226,-1,-0.0794650053933857,0.5575241880063864,0.4424758119936134
286,-1,-0.08916159592981268,0.5653352616909912,0.4346647383090088
224,-1,-0.10334451067825298,0.5766676385991782,0.4233323614008219
59,-1,-0.10526043961812688,0.5781890968698089,0.42181090313019093
228,-1,-0.10695551426173149,0.5795331797808478,0.42046682021915216
284,-1,-0.11957537484396237,0.5894778235246182,0.4105221764753818
37,-1,-0.12118975602602756,0.5907416912840026,0.4092583087159974
291,-1,-0.12265870499621408,0.591889995727754,0.40811000427224586
125,-1,-0.12909238564339492,0.5968996856935612,0.4031003143064388
283,-1,-0.13275811021496237,0.599739361176858,0.40026063882314195
189,-1,-0.1346631084916658,0.6012107509653549,0.398789249034645
61,-1,-0.13476738178339465,0.6012912034815412,0.3987087965184587
169,-1,-0.1349956667343202,0.6014673062564235,0.39853269374357636
232,-1,-0.14006529563634676,0.6053668444423064,0.3946331555576937
167,-1,-0.14028138508087576,0.6055325757754393,0.3944674242245607
62,-1,-0.15453637959376074,0.6163751744654933,0.38362482553450666
227,-1,-0.15535739500839113,0.616994102763172,0.3830058972368279
101,-1,-0.16524993092382756,0.6244025693652343,0.37559743063476564
285,-1,-0.18090998634516461,0.6359401502398734,0.3640598497601267
221,-1,-0.1819979557606052,0.6367328794872494,0.36326712051275045
288,-1,-0.1840131298392857,0.6381981362078463,0.3618018637921538
95,-1,-0.1878250215172737,0.6409588958263167,0.3590411041736833
103,-1,-0.2137121220970958,0.6593275355441472,0.34067246445585264
102,-1,-0.2244694378536688,0.6667659882023633,0.3332340117976366
152,-1,-0.2478953673421531,0.6869365651748247,0.3130634348251751
30,-1,-0.25369641237261475,0.6910282702700897,0.3089717297299102
230,-1,-0.25591663357300054,0.692586432573021,0.30741356742697934
165,-1,-0.2656950915780544,0.6993965718775353,0.30060342812246477
154,-1,-0.26890047027547254,0.7016101234449609,0.29838987655503896
282,-1,-0.2730973623365833,0.7044941716622017,0.29550582833779826
277,-1,-0.2792073548323827,0.7086637928115456,0.2913362071884545
231,-1,-0.27927528859958606,0.7087099574700377,0.29129004252996216
293,-1,-0.28075006646693784,0.7097110855066364,0.29028891449336364
124,-1,-0.3047752187921363,0.7257295747492564,0.27427042525074374
58,-1,-0.31447000307369444,0.7320354775381817,0.2679645224618184
217,-1,-0.3151748548267438,0.7324903422819862,0.2675096577180137
38,-1,-0.3219418945727409,0.7368323234172041,0.2631676765827958
25,-1,-0.3302695654161391,0.742113081387366,0.25788691861263413
214,-1,-0.34575977744684255,0.7517501284931034,0.24824987150689656
215,-1,-0.35835115232489567,0.7594038841952601,0.24059611580473972
158,-1,-0.37231755827461105,0.7677029696482863,0.2322970303517137
216,-1,-0.37517285798131234,0.7693748382690001,0.2306251617309998
23,-1,-0.38232723701357674,0.7735268483023852,0.22647315169761467
251,-1,-0.38278934875876736,0.7737932066864062,0.22620679331359372
188,-1,-0.388015508780465,0.7767900902800107,0.22320990971998916
126,-1,-0.39395911945551015,0.7801638662064275,0.21983613379357242
88,-1,-0.4141177716643499,0.7913324586469509,0.20866754135304905
123,-1,-0.4221029406234629,0.7956393923479959,0.2043606076520042
29,-1,-0.4268715205728147,0.7981797270372812,0.20182027296271868
122,-1,-0.4341822783415065,0.8020283904433393,0.19797160955666054
89,-1,-0.44230722156554503,0.8062405175421309,0.19375948245786923
94,-1,-0.44683048197613645,0.8085557982433677,0.19144420175663246
279,-1,-0.4468907324666813,0.8085864951353482,0.1914135048646518
90,-1,-0.4486309160103121,0.8094714765530094,0.1905285234469903
220,-1,-0.45653853106544257,0.8134535266643956,0.18654647333560417
292,-1,-0.47337757065366926,0.8217187713073058,0.17828122869269417
57,-1,-0.47712905487503215,0.8235205989409383,0.17647940105906162
245,-1,-0.47870002613775803,0.8242708706716658,0.17572912932833418
185,-1,-0.4790521102524447,0.8244386759792515,0.17556132402074878
307,-1,-0.4808498322693584,0.8252935149386057,0.17470648506139422
87,-1,-0.4820252147234896,0.8258506477412416,0.17414935225875844
27,-1,-0.48689854874458843,0.8281456601936511,0.17185433980634895
278,-1,-0.4904248422783146,0.8297913152821678,0.17020868471783218
28,-1,-0.49403144238695473,0.8314614657323901,0.16853853426760998
151,-1,-0.5072167813311751,0.8374562224694555,0.16254377753054444
187,-1,-0.5082710869817436,0.8379280678469784,0.16207193215302176
281,-1,-0.5102600099778019,0.8388151844492865,0.1611848155507134
121,-1,-0.5195904350800312,0.8429245223976697,0.15707547760233023
276,-1,-0.5214065621048096,0.8437144046542827,0.156285595345717
157,-1,-0.5276930386122253,0.8464235869404746,0.15357641305952546
56,-1,-0.5335378897575442,0.8489078494641366,0.15109215053586328
92,-1,-0.5356231865392311,0.8497861432868491,0.15021385671315093
186,-1,-0.5414660741589774,0.8522246961493554,0.14777530385064475
153,-1,-0.547908591413225,0.8548754769201192,0.1451245230798806
46,-1,-0.5585738796701823,0.8591768339068904,0.14082316609310963
219,-1,-0.5775121170468762,0.8665516750713385,0.13344832492866135
312,-1,-0.5820269919462019,0.8682608906134465,0.13173910938655367
248,-1,-0.5841343671036001,0.8690523123312551,0.1309476876687447
111,-1,-0.5846406444593828,0.8692418414896789,0.13075815851032102
91,-1,-0.5846675813147603,0.8692519189939928,0.1307480810060072
275,-1,-0.5857628463758748,0.8696611164159704,0.1303388835840295
93,-1,-0.5897312606235623,0.8711346288291819,0.1288653711708183
250,-1,-0.5959232139084932,0.8734053952389034,0.12659460476109635
249,-1,-0.6176594940601831,0.8811072713062389,0.11889272869376108
306,-1,-0.6178758069320569,0.881181840553861,0.11881815944613901
155,-1,-0.6273657117283461,0.8844136509503024,0.11558634904969742
24,-1,-0.6303054705285557,0.8853991790657539,0.11460082093424605
156,-1,-0.6380631462158479,0.8879648040708817,0.1120351959291184
173,-1,-0.6528327016325841,0.8927108276220442,0.10728917237795575
72,-1,-0.6560318530032445,0.8937152501340063,0.1062847498659937
150,-1,-0.6564941647519599,0.8938597129491724,0.10614028705082784
310,-1,-0.6572917153789665,0.8941085242161139,0.10589147578388594
4,-1,-0.6636963403925834,0.8960879845393876,0.10391201546061231
280,-1,-0.6731058315841982,0.8989367980503767,0.10106320194962339
236,-1,-0.6737498878537984,0.8991292356383019,0.10087076436169773
6,-1,-0.6780140182779899,0.9003951251624569,0.09960487483754281
175,-1,-0.6853382522770695,0.9025365070629247,0.09746349293707518
110,-1,-0.6896700492886912,0.9037835835751288,0.0962164164248712
252,-1,-0.6897734213530862,0.9038131683502343,0.09618683164976556
44,-1,-0.6928558503356598,0.9046916223518069,0.09530837764819335
53,-1,-0.6948202771881169,0.9052477085620547,0.09475229143794521
182,-1,-0.7055361248790889,0.90823024977896,0.0917697502210401
311,-1,-0.7070950196316116,0.9086570391645977,0.09134296083540246
174,-1,-0.7095359163720186,0.9093217145220407,0.09067828547795928
63,-1,-0.7207999307800413,0.9123328793626947,0.08766712063730535
8,-1,-0.7213685454912813,0.9124824629533126,0.0875175370466874
212,-1,-0.7263693109354329,0.9137880881411603,0.08621191185883954
218,-1,-0.7338660130648635,0.915712332010793,0.08428766798920696
127,-1,-0.7341871872273329,0.9157938932312341,0.08420610676876601
274,-1,-0.738607426029091,0.916909139738752,0.08309086026124797
247,-1,-0.7438367985732407,0.9182111782219654,0.08178882177803481
213,-1,-0.7494385410221652,0.9195852901559731,0.08041470984402692
47,-1,-0.7527537050436988,0.9203885481949168,0.07961145180508308
136,-1,-0.754137795321786,0.9207217368371876,0.07927826316281225
135,-1,-0.7606859947561861,0.9222808509919808,0.07771914900801914
7,-1,-0.7637566072165405,0.9230022467436385,0.07699775325636132
308,-1,-0.7729353971216161,0.9251222136094399,0.07487778639056006
79,-1,-0.7798851419471746,0.9266915270096651,0.07330847299033519
233,-1,-0.7871330651513612,0.9282958598227558,0.07170414017724419
49,-1,-0.789637291527605,0.9288426009999726,0.0711573990000273
184,-1,-0.7929932320120954,0.9295692590561033,0.07043074094389667
303,-1,-0.7939012098941689,0.9297646805196437,0.07023531948035662
199,-1,-0.8009785428896141,0.9312708118977866,0.06872918810221336
41,-1,-0.8018231331776599,0.9314485387691004,0.06855146123089984
238,-1,-0.8027965934100479,0.9316528554913214,0.06834714450867849
22,-1,-0.8032411153596953,0.9317459671120811,0.06825403288791908
296,-1,-0.8032841289477514,0.9317549706963155,0.06824502930368447
26,-1,-0.8058756777998647,0.9322954056036247,0.06770459439637525
85,-1,-0.8079104218829671,0.932716941626257,0.06728305837374302
69,-1,-0.8094540290081824,0.9330351034523308,0.06696489654766927
246,-1,-0.8161368334432205,0.9343964844242796,0.06560351557572044
109,-1,-0.8166518962664818,0.9345003350418243,0.06549966495817554
120,-1,-0.8169406516963762,0.9345584890628718,0.06544151093712823
73,-1,-0.8197891942528693,0.9351296043369551,0.06487039566304482
118,-1,-0.8224096725250645,0.9356508946343253,0.06434910536567474
273,-1,-0.8290294966098875,0.9369504443560627,0.06304955564393723
5,-1,-0.8319170648736223,0.9375096068715132,0.0624903931284867
298,-1,-0.8325158066147922,0.9376249693017138,0.06237503069828613
183,-1,-0.8339925722774192,0.9379086554371122,0.062091344562887806
309,-1,-0.8396338930618998,0.9389812932901239,0.06101870670987616
117,-1,-0.8421426680931791,0.9394527241242212,0.06054727587577891
198,-1,-0.848833694263456,0.9380328605377467,0.06196713946225336
241,-1,-0.8506588170507615,0.9383922305238351,0.06160776947616478
45,-1,-0.8514069896557911,0.9385389802711146,0.061461019728885416
244,-1,-0.8525650599092954,0.9387654811449672,0.061234518855032775
242,-1,-0.8587464842866174,0.9399612449062541,0.060038755093745906
137,-1,-0.8588843080377472,0.9399876537815145,0.060012346218485446
112,-1,-0.8590064421973022,0.9400110471686508,0.05998895283134935
21,-1,-0.8641416033030015,0.9409868801797876,0.05901311982021234
54,-1,-0.8675912530293513,0.941633978196279,0.058366021803720955
114,-1,-0.8687633982777176,0.9418523225055677,0.058147677494432136
237,-1,-0.8706045764906791,0.9421937331463756,0.057806266853624416
171,-1,-0.8739782177338403,0.9428143906286526,0.05718560937134744
128,-1,-0.8760316783409612,0.9431890744422518,0.05681092555774826
258,-1,-0.8801628399922276,0.9439358230699699,0.05606417693003011
314,-1,-0.8853479529852314,0.9448598983662828,0.05514010163371722
142,-1,-0.8869764346379859,0.9451471211278426,0.05485287887215746
260,-1,-0.889199378940412,0.9455368949164106,0.0544631050835894
143,-1,-0.8895366579096065,0.9455958029836743,0.05440419701632555
295,-1,-0.8929827772297392,0.9461942238503177,0.0538057761496822
261,-1,-0.8989588217858949,0.9472171204302476,0.052782879569752375
191,-1,-0.9012511772234045,0.9476045472386028,0.05239545276139722
108,-1,-0.9100091703804051,0.9490598379288931,0.05094016207110686
52,-1,-0.9112163730256632,0.9492573759566341,0.05074262404336587
70,-1,-0.9117247331834355,0.9493403406611444,0.050659659338855634
313,-1,-0.9117480231772669,0.9493441384883853,0.05065586151161471
149,-1,-0.9117660359655242,0.9493470755909836,0.050652924409016344
148,-1,-0.9145396166727225,0.9497973842025668,0.05020261579743317
235,-1,-0.917927932515839,0.950342291840757,0.049657708159242926
15,-1,-0.9194067431520423,0.9505783308168079,0.049421669183192116
179,-1,-0.9196160169558831,0.9506116467573361,0.049388353242663774
65,-1,-0.927453722755555,0.951843975942122,0.04815602405787797
297,-1,-0.9277411926757885,0.9518886084483977,0.04811139155160226
180,-1,-0.9308168699616324,0.9523636535013004,0.04763634649869959
64,-1,-0.9332019844606358,0.9527289285526942,0.04727107144730571
190,-1,-0.941955190616414,0.9540464771149881,0.045953522885011894
305,-1,-0.9484323805023578,0.9549985534987685,0.04500144650123144
300,-1,-0.9486424248686953,0.955029106585237,0.044970893414762875
71,-1,-0.9526203696323455,0.9556039678529599,0.044396032147040035
200,-1,-0.9580441037440298,0.9563763237503421,0.043623676249657836
299,-1,-0.9702994222383846,0.9580738934632201,0.04192610653677986
86,-1,-0.9706094363904435,0.9581159939447448,0.041884006055255274
181,-1,-0.9711419858133433,0.9581882193648095,0.04181178063519054
234,-1,-0.9756343585901563,0.9587926912543031,0.04120730874569685
11,-1,-0.9758549603972997,0.958822154729874,0.04117784527012593
176,-1,-0.9791207419861414,0.9592559441264514,0.040744055873548506
50,-1,-0.9866240308896406,0.9602358344162443,0.03976416558375576
206,-1,-0.9898385922200507,0.96064858830952,0.03935141169048001
268,-1,-0.9918887367600273,0.9609096478175391,0.03909035218246102
116,-1,-0.999988836658103,0.9619246863061998,0.03807531369380035
304,-1,-1.0038973051724231,0.9624052262756815,0.03759477372431843
1,-1,-1.005159554447308,0.9625591498608889,0.037440850139111144
133,-1,-1.0054504768874397,0.9625945387624679,0.037405461237532064
10,-1,-1.0084952243944996,0.962962959647237,0.03703704035276306
262,-1,-1.0114114036070327,0.9633125001416174,0.0366874998583826
197,-1,-1.014781227096942,0.9637124028482172,0.03628759715178257
76,-1,-1.0222130607315325,0.9645793487042856,0.03542065129571433
265,-1,-1.0232058094866308,0.9646936109828882,0.03530638901711176
80,-1,-1.0277132882462698,0.9652078866785392,0.03479211332146078
178,-1,-1.0290704950192964,0.9653612940360324,0.03463870596396749
170,-1,-1.0316894388131912,0.9656554475044277,0.034344552495572285
20,-1,-1.0320512400592632,0.9656958913091545,0.03430410869084547
16,-1,-1.0387225203731605,0.9664333281779931,0.03356667182200688
196,-1,-1.0417421900337287,0.9667619888501199,0.03323801114988009
140,-1,-1.0480054992143317,0.9674336551029972,0.03256634489700282
106,-1,-1.054256103065791,0.9680906719816298,0.0319093280183703
81,-1,-1.05487570581009,0.9681550864479231,0.0318449135520769
204,-1,-1.0549818237228816,0.968166105744458,0.03183389425554193
205,-1,-1.0563690146291151,0.9683098077508165,0.031690192249183576
243,-1,-1.0639223022969027,0.9690811545555457,0.030918845444454366
210,-1,-1.0649440826525551,0.9691840719326011,0.03081592806739893
315,-1,-1.0660411281751156,0.9692941952856167,0.030705804714383274
55,-1,-1.0666359163937746,0.9693537392746174,0.030646260725382575
267,-1,-1.0666643750964524,0.9693565854143394,0.03064341458566054
271,-1,-1.0755343724008295,0.9702311145849399,0.029768885415060023
192,-1,-1.0775947032509654,0.9704307087340771,0.029569291265922826
12,-1,-1.0812646333357478,0.9707829737105987,0.02921702628940112
119,-1,-1.0815941664483413,0.970814401582431,0.029185598417568907
211,-1,-1.0856180719791912,0.9711954893913666,0.028804510608633354
13,-1,-1.098895223594271,0.9724184559037072,0.02758154409629281
172,-1,-1.098936980629601,0.9724222202167169,0.0275777797832833
254,-1,-1.102077540688279,0.9727038875428767,0.02729611245712324
77,-1,-1.102083557489277,0.9727044244378397,0.027295575562160387
259,-1,-1.1022598378829185,0.9727201497763182,0.027279850223681987
239,-1,-1.1051722977657807,0.9729786694673768,0.027021330532623115
253,-1,-1.1115538988212466,0.9735366970160175,0.026463302983982574
207,-1,-1.112512177633492,0.9736195034432834,0.02638049655671671
48,-1,-1.1204243188833953,0.9742934952965444,0.025706504703455597
145,-1,-1.1254831096260787,0.9747154788224407,0.02528452117755927
144,-1,-1.1256373692280208,0.9747282383644752,0.025271761635524848
107,-1,-1.1269720440566025,0.9748383701731348,0.025161629826865227
203,-1,-1.1302795104183958,0.9751092477184563,0.02489075228154378
14,-1,-1.1331580375400923,0.9753426473045583,0.024657352695441614
266,-1,-1.1350492536299062,0.9754948131021338,0.02450518689786606
84,-1,-1.14496140368875,0.9762772695934989,0.023722730406501146
2,-1,-1.1456079324302277,0.9763274382376635,0.023672561762336473
272,-1,-1.1464197851286024,0.9763902867922698,0.023609713207730077
115,-1,-1.14984226145095,0.9766534224521994,0.02334657754780059
129,-1,-1.1507767666388353,0.9767247654177371,0.023275234582263066
269,-1,-1.1560625625613223,0.9771242536143393,0.02287574638566073
270,-1,-1.158094799082636,0.9772760312540055,0.02272396874599453
19,-1,-1.1663560040576377,0.977882815308704,0.022117184691296046
42,-1,-1.1678516613771752,0.9779909415471704,0.02200905845282963
208,-1,-1.1690816869704364,0.978079471580945,0.021920528419054938
43,-1,-1.1743018234329483,0.9784512747335795,0.021548725266420505
67,-1,-1.1842479733826037,0.9791424629268276,0.020857537073172457
141,-1,-1.184267950934282,0.9791438288561609,0.02085617114383913
78,-1,-1.1862330467781934,0.9792777559629874,0.020722244037012654
9,-1,-1.190351643715409,0.9795556884325518,0.020444311567448175
18,-1,-1.1924773150278227,0.9796976831336667,0.020302316866333252
134,-1,-1.193267605606658,0.9797502245287594,0.020249775471240627
75,-1,-1.1947927810360055,0.9798512424868819,0.020148757513117992
131,-1,-1.2009215778232751,0.9802521559440842,0.019747844055915804
74,-1,-1.2070438526005656,0.9806447339052794,0.01935526609472063
82,-1,-1.2098965213544892,0.9808249986421985,0.01917500135780146
66,-1,-1.213768018039015,0.9810669801958347,0.018933019804165112
17,-1,-1.2307763831170477,0.9820946149112839,0.017905385088716162
113,-1,-1.2330254456263907,0.9822262844210138,0.01777371557898609
139,-1,-1.2426309057366538,0.9827778775521115,0.01722212244788853
130,-1,-1.247987411164696,0.9830780459702423,0.016921954029757737
83,-1,-1.2480292062506633,0.983080367508429,0.016919632491570993
146,-1,-1.256013464634924,0.9835180970583689,0.01648190294163109
3,-1,-1.265297840593051,0.9840129531491622,0.015987046850837742
301,-1,-1.2678223579470984,0.9841449336957996,0.015855066304200346
68,-1,-1.2699182529334005,0.9842536817511183,0.015746318248881692
193,-1,-1.2713673757218573,0.9843284367991416,0.01567156320085844
51,-1,-1.2717581958973725,0.9843485372546071,0.015651462745393
202,-1,-1.2783703642375204,0.9846847465653279,0.015315253434672021
138,-1,-1.294413880707536,0.9854709193317764,0.014529080668223669
147,-1,-1.3037051305543377,0.9859076970587974,0.014092302941202412
209,-1,-1.311644492990342,0.9862705418914943,0.013729458108505567
201,-1,-1.3346467970977802,0.9872700709818573,0.012729929018142858
302,-1,-1.3398371374592382,0.98748538275589,0.012514617244109945
177,-1,-1.3399772683089641,0.9874911452113591,0.012508854788640925
264,-1,-1.3610337253574847,0.9883276322869454,0.011672367713054738
263,-1,-1.3654191254526116,0.9884946986594434,0.01150530134055663
132,-1,-1.4061119787856973,0.9899355169246687,0.010064483075331225
194,-1,-1.4864806546136697,0.9922733789784748,0.007726621021525224
240,-1,-1.5002985888624092,0.9926167526562005,0.007383247343799526
255,-1,-1.542852861419116,0.9935813608401112,0.006418639159888813
195,-1,-1.5919127093812762,0.9945382161546751,0.005461783845324895
256,-1,-1.5946220881528743,0.9945866951231285,0.005413304876871483
257,-1,-1.6268601813202186,0.9951315688295149,0.004868431170485143
